CHROM	POS	ID	REF	ALT	gene_name	aa_change_position	aminoacid_change	mutation_name_single	reference_resistant	vkey	gene_id	mutation_name
chr1	266868	.	C	T	atp6	S769	Ser769Asn	atp6-S769N	No	chr1:266867:.:Ser:Asn	PF3D7_0106300	atp6-Ser769Asn
chr1	267306	.	G	T	atp6	A623	Ala623Glu	atp6-A623E	No	chr1:267305:.:Ala:Glu	PF3D7_0106300	atp6-Ala623Glu
chr1	267883	.	C	T	atp6	E431	Glu431Lys	atp6-E431K	No	chr1:267881:.:Glu:Lys	PF3D7_0106300	atp6-Glu431Lys
chr1	268386	.	AA	TC	atp6	L263	Leu263Glu	atp6-L263E	No	chr1:268385:.:Leu:Glu	PF3D7_0106300	atp6-Leu263Glu
chr10	490720	.	G	C	pph	V1157	Val1157Leu	pph-V1157L	No	chr10:490720:.:Val:Leu	PF3D7_1012700	pph-Val1157Leu
chr10	950343	.	C	A	kelch10	P623	Pro623Thr	kelch10-P623T	No	chr10:950343:.:Pro:Thr	PF3D7_1022600	kelch10-Pro623Thr
chr13	1724974	.	G	A	k13	A675	Ala675Val	k13-A675V	No	chr13:1724974:.:Ala:Val	PF3D7_1343700	k13-Ala675Val
chr13	1725133	.	C	A	k13	R622	Arg622Ile	k13-R622I	No	chr13:1725133:.:Arg:Ile	PF3D7_1343700	k13-Arg622Ile
chr13	1725259	.	C	T	k13	C580	Cys580Tyr	k13-C580Y	No	chr13:1725258:.:Cys:Tyr	PF3D7_1343700	k13-Cys580Tyr
chr13	1725277	.	G	A	k13	P574	Pro574Leu	k13-P574L	No	chr13:1725277:.:Pro:Leu	PF3D7_1343700	k13-Pro574Leu
chr13	1725295	.	A	C	k13	V568	Val568Gly	k13-V568G	No	chr13:1725295:.:Val:Gly	PF3D7_1343700	k13-Val568Gly
chr13	1725316	.	C	T	k13	R561	Arg561His	k13-R561H	No	chr13:1725316:.:Arg:His	PF3D7_1343700	k13-Arg561His
chr13	1725340	.	G	A	k13	P553	Pro553Leu	k13-P553L	No	chr13:1725340:.:Pro:Leu	PF3D7_1343700	k13-Pro553Leu
chr13	1725370	.	A	G	k13	I543	Ile543Thr	k13-I543T	No	chr13:1725369:.:Ile:Thr	PF3D7_1343700	k13-Ile543Thr
chr13	1725382	.	C	G	k13	R539	Arg539Thr	k13-R539T	No	chr13:1725381:.:Arg:Thr	PF3D7_1343700	k13-Arg539Thr
chr13	1725385	.	C	A	k13	G538	Gly538Val	k13-G538V	No	chr13:1725385:.:Gly:Val	PF3D7_1343700	k13-Gly538Val
chr13	1725388	.	T	A	k13	N537	Asn537Ile	k13-N537I	No	chr13:1725388:.:Asn:Ile	PF3D7_1343700	k13-Asn537Ile
chr13	1725389	.	T	C	k13	N537	Asn537Asp	k13-N537D	No	chr13:1725389:.:Asn:Asp	PF3D7_1343700	k13-Asn537Asp
chr13	1725418	.	G	T	k13	P527	Pro527His	k13-P527H	No	chr13:1725418:.:Pro:His	PF3D7_1343700	k13-Pro527His
chr13	1725454	.	C	T	k13	R515	Arg515Lys	k13-R515K	No	chr13:1725454:.:Arg:Lys	PF3D7_1343700	k13-Arg515Lys
chr13	1725521	.	A	G	k13	Y493	Tyr493His	k13-Y493H	No	chr13:1725519:.:Tyr:His	PF3D7_1343700	k13-Tyr493His
chr13	1725556	.	G	A	k13	A481	Ala481Val	k13-A481V	No	chr13:1725556:.:Ala:Val	PF3D7_1343700	k13-Ala481Val
chr13	1725570	.	C	A	k13	M476	Met476Ile	k13-M476I	No	chr13:1725570:.:Met:Ile	PF3D7_1343700	k13-Met476Ile
chr13	1725592	.	C	A	k13	C469	Cys469Phe	k13-C469F	No	chr13:1725592:.:Cys:Phe	PF3D7_1343700	k13-Cys469Phe
chr13	1725592	.	C	T	k13	C469	Cys469Tyr	k13-C469Y	No	chr13:1725592:.:Cys:Tyr	PF3D7_1343700	k13-Cys469Tyr
chr13	1725626	.	T	A	k13	N458	Asn458Tyr	k13-N458Y	No	chr13:1725626:.:Asn:Tyr	PF3D7_1343700	k13-Asn458Tyr
chr13	1725652	.	C	G	k13	G449	Gly449Ala	k13-G449A	No	chr13:1725652:.:Gly:Ala	PF3D7_1343700	k13-Gly449Ala
chr13	1725662	.	A	T	k13	F446	Phe446Ile	k13-F446I	No	chr13:1725662:.:Phe:Ile	PF3D7_1343700	k13-Phe446Ile
chr13	1725676	.	G	A	k13	P441	Pro441Leu	k13-P441L	No	chr13:1725676:.:Pro:Leu	PF3D7_1343700	k13-Pro441Leu
chr13	2504560	.	A	G	exo	E415	Glu415Gly	exo-E415G	No	chr13:2504559:.:Glu:Gly	PF3D7_1362500	exo-Glu415Gly
chr13	2728402	.	T	C	mcp	N252	Asn252Asp	mcp-N252D	No	chr13:2728400:.:Asn:Asp	PF3D7_1368700	mcp-Asn252Asp
chr13	748395	.	C	A	fd	D193	Asp193Tyr	fd-D193Y	No	chr13:748393:.:Asp:Tyr	PF3D7_1318100	fd-Asp193Tyr
chr13	958469	.	G	A	PF3D7-1322700	T236	Thr236Ile	PF3D7-1322700-T236I	No	chr13:958468:.:Thr:Ile	PF3D7_1322700	PF3D7-1322700-Thr236Ile
chr14	1956225	.	G	A	mdr2	T484	Thr484Ile	mdr2-T484I	No	chr14:1956224:.:Thr:Ile	PF3D7_1447900	mdr2-Thr484Ile
chr14	2098642	.	A	G	PF3D7-1451200	N71	Asn71Asn	PF3D7-1451200-N71N	No	chr14:2098642:.:Asn:Asn	PF3D7_1451200	PF3D7-1451200-Asn71Asn
chr14	2481070	.	G	A	arps10	V127	Val127Met	arps10-V127M	No	chr14:2481070:.:Val:Met	PF3D7_1460900.1	arps10-Val127Met
chr4	748134	.	C	T	dhfr-ts	A16	Ala16Val	dhfr-ts-A16V	No	chr4:748133:.:Ala:Val	PF3D7_0417200	dhfr-ts-Ala16Val
chr4	748239	.	A	T	dhfr-ts	N51	Asn51Ile	dhfr-ts-N51I	No	chr4:748238:.:Asn:Ile	PF3D7_0417200	dhfr-ts-Asn51Ile
chr4	748262	.	T	C	dhfr-ts	C59	Cys59Arg	dhfr-ts-C59R	No	chr4:748262:.:Cys:Arg	PF3D7_0417200	dhfr-ts-Cys59Arg
chr4	748410	.	G	A	dhfr-ts	S108	Ser108Asn	dhfr-ts-S108N	No	chr4:748409:.:Ser:Asn	PF3D7_0417200	dhfr-ts-Ser108Asn
chr4	748410	.	G	C	dhfr-ts	S108	Ser108Thr	dhfr-ts-S108T	No	chr4:748409:.:Ser:Thr	PF3D7_0417200	dhfr-ts-Ser108Thr
chr4	748577	.	A	T	dhfr-ts	I164	Ile164Leu	dhfr-ts-I164L	No	chr4:748577:.:Ile:Leu	PF3D7_0417200	dhfr-ts-Ile164Leu
chr4	881071	.	A	G	PI4K	S915	Ser915Gly	PI4K-S915G	No	chr4:881071:.:Ser:Gly	PF3D7_0419900	PI4K-Ser915Gly
chr5	958145	.	A	T	mdr1	N86	Asn86Tyr	mdr1-N86Y	No	chr5:958145:.:Asn:Tyr	PF3D7_0523000	mdr1-Asn86Tyr
chr5	958440	.	A	T	mdr1	Y184	Tyr184Phe	mdr1-Y184F	No	chr5:958439:.:Tyr:Phe	PF3D7_0523000	mdr1-Tyr184Phe
chr5	960989	.	A	T	mdr1	S1034	Ser1034Cys	mdr1-S1034C	No	chr5:960989:.:Ser:Cys	PF3D7_0523000	mdr1-Ser1034Cys
chr5	961013	.	A	G	mdr1	N1042	Asn1042Asp	mdr1-N1042D	No	chr5:961013:.:Asn:Asp	PF3D7_0523000	mdr1-Asn1042Asp
chr5	961625	.	G	T	mdr1	D1246	Asp1246Tyr	mdr1-D1246Y	No	chr5:961625:.:Asp:Tyr	PF3D7_0523000	mdr1-Asp1246Tyr
chr6	1066989	.	A	G	Sec14	N615	Asn615Asp	Sec14-N615D	No	chr6:1066989:.:Asn:Asp	PF3D7_0626400	Sec14-Asn615Asp
chr7	403612	.	T	A	crt	C72	Cys72Ser	crt-C72S	No	chr7:403612:.:Cys:Ser	PF3D7_0709000	crt-Cys72Ser
chr7	403615	.	G	T	crt	V73	Val73Leu	crt-V73L	No	chr7:403615:.:Val:Leu	PF3D7_0709000	Crt-Val73Leu
chr7	403620	.	G	T	crt	M74	Met74Ile	crt-M74I	No	chr7:403618:.:Met:Ile	PF3D7_0709000	crt-Met74Ile
chr7	403621	.	AAT	GAA	crt	N75	Asn75Glu	crt-N75E	No	chr7:403621:.:Asn:Glu	PF3D7_0709000	crt-Asn75Glu
chr7	403625	.	A	C	crt	K76	Lys76Thr	crt-K76T	No	chr7:403624:.:Lys:Thr	PF3D7_0709000	crt-Lys76Thr
chr7	403675	.	A	T	crt	T93	Thr93Ser	crt-T93S	No	chr7:403675:.:Thr:Ser	PF3D7_0709000	crt-Thr93Ser
chr7	403687	.	C	T	crt	H97	His97Tyr	crt-H97Y	No	chr7:403687:.:His:Tyr	PF3D7_0709000	crt-His97Tyr
chr7	403688	.	A	T	crt	H97	His97Leu	crt-H97L	No	chr7:403687:.:His:Leu	PF3D7_0709000	crt-His97Leu
chr7	403700	.	G	T	crt	C101	Cys101Phe	crt-C101F	No	chr7:403699:.:Cys:Phe	PF3D7_0709000	crt-Cys101Phe
chr7	404010	.	T	A	crt	F145	Phe145Ile	crt-F145I	No	chr7:404010:.:Phe:Ile	PF3D7_0709000	crt-Phe145Ile
chr7	404401	.	A	T	crt	I218	Ile218Phe	crt-I218F	No	chr7:404401:.:Ile:Phe	PF3D7_0709000	crt-Ile218Phe
chr7	404407	.	G	T	crt	A220	Ala220Ser	crt-A220S	No	chr7:404407:.:Ala:Ser	PF3D7_0709000	crt-Ala220Ser
chr7	404836	.	C	G	crt	Q271	Gln271Glu	crt-Q271E	No	chr7:404836:.:Gln:Glu	PF3D7_0709000	crt-Gln271Glu
chr7	405362	.	A	G	crt	N326	Asn326Ser	crt-N326S	No	chr7:405361:.:Asn:Ser	PF3D7_0709000	crt-Asn326Ser
chr7	405560	.	A	T	crt	M343	Met343Leu	crt-M343L	No	chr7:405560:.:Met:Leu	PF3D7_0709000	crt-Met343Leu
chr7	405591	.	G	T	crt	G353	Gly353Val	crt-G353V	No	chr7:405591:.:Gly:Val	PF3D7_0709000	crt-Gly353Val
chr7	405600	.	T	C	crt	I356	Ile356Thr	crt-I356T	No	chr7:405599:.:Ile:Thr	PF3D7_0709000	crt-Ile356Thr
chr7	405838	.	G	T	crt	R371	Arg371Ile	crt-R371I	No	chr7:405837:.:Arg:Ile	PF3D7_0709000	crt-Arg371Ile
chr7	896660	.	G	T	pib7	C1484	Cys1484Phe	pib7-C1484F	No	chr7:896659:.:Cys:Phe	PF3D7_0720700	pib7-Cys1484Phe
chr8	549666	.	A	G	dhps	I431	Ile431Val	dhps-I431V	No	chr8:549666:.:Ile:Val	PF3D7_0810800	dhps-Ile431Val
chr8	549681	.	T	G	dhps	S436	Ser436Ala	dhps-S436A	No	chr8:549681:.:Ser:Ala	PF3D7_0810800	dhps-Ser436Ala
chr8	549682	.	C	T	dhps	S436	Ser436Phe	dhps-S436F	No	chr8:549681:.:Ser:Phe	PF3D7_0810800	dhps-Ser436Phe
chr8	549685	.	G	C	dhps	G437	Gly437Ala	dhps-A437G	Yes	chr8:549684:.:Gly:Ala	PF3D7_0810800	dhps-Gly437Ala
chr8	549993	.	A	G	dhps	K540	Lys540Glu	dhps-K540E	No	chr8:549993:.:Lys:Glu	PF3D7_0810800	dhps-Lys540Glu
chr8	550117	.	C	G	dhps	A581	Ala581Gly	dhps-A581G	No	chr8:550116:.:Ala:Gly	PF3D7_0810800	dhps-Ala581Gly
chr8	550212	.	G	A	dhps	A613	Ala613Thr	dhps-A613T	No	chr8:550212:.:Ala:Thr	PF3D7_0810800	dhps-Ala613Thr
chr8	550212	.	G	T	dhps	A613	Ala613Ser	dhps-A613S	No	chr8:550212:.:Ala:Ser	PF3D7_0810800	dhps-Ala613Ser
chrM	3890	.	G	A	cytb	M133	Met133Ile	cytb-M133I	No	chrM:3888:.:Met:Ile	mal_mito_3	cytb-Met133Ile
chrM	4293	.	T	A	cytb	Y268	Tyr268Asn	cytb-Y268N	No	chrM:4293:.:Tyr:Asn	mal_mito_3	cytb-Tyr268Asn
chrM	4294	.	A	C	cytb	Y268	Tyr268Ser	cytb-Y268S	No	chrM:4293:.:Tyr:Ser	mal_mito_3	cytb-Tyr268Ser
chrM	4294	.	A	G	cytb	Y268	Tyr268Cys	cytb-Y268C	No	chrM:4293:.:Tyr:Cys	mal_mito_3	cytb-Tyr268Cys
chrM	4341	.	GT	AA	cytb	V284	Val284Lys	cytb-V284K	No	chrM:4341:.:Val:Lys	mal_mito_3	cytb-Val284Lys
